model_name,mae_mean,mae_std,rmse_mean,rmse_std,r2_mean,r2_std
random_forest,1.1060065884748844,0.02770206625612822,1.3454874182518701,0.024256899941844805,-0.0267621683029029,0.008773961200132005
xgboost,1.1361363533758193,0.023843228673178438,1.390982600542971,0.01862512900819746,-0.09779692505547137,0.02585994565395438
mlp,1.2465996521236475,0.03110885493516272,1.5499293264972298,0.03352858603973721,-0.36261160117717217,0.031185620211414557
