{
  "success": true,
  "working_models": 4,
  "total_models": 5,
  "models_results": {
    "GraphTransformer": {
      "mae": 1.1940028667449951,
      "mse": 2.201836585998535,
      "rmse": 1.4838586812761299,
      "r2": -0.4674510955810547,
      "training_time": 0.17553186416625977,
      "predictions": "[5.1979675 5.171318  2.412795  4.950249  5.617043  5.6818204 6.03263\n 5.3927674 3.111009  7.256289  6.025639  5.159771  6.6047287 6.66262\n 5.2517357 4.7199054 3.8524075 5.832341  5.585791  5.959983  5.86394\n 6.646868  6.23781   5.617334  4.3581867 5.1929154 4.7611785 7.0812955\n 5.697277  5.8123994]",
      "targets": "[6.9653716 4.69897   4.39794   4.        7.5228786 7.337242  4.7212462\n 5.498941  5.468521  6.0604806 4.69897   5.53254   4.6352615 5.2380724\n 5.9829664 5.876148  7.008641  6.154902  9.39794   4.990124  5.156456\n 6.05061   7.027334  4.        4.617983  5.        5.457175  7.3665314\n 7.3665314 5.8696823]"
    },
    "FoundationModel": {
      "mae": 1.180267095565796,
      "mse": 2.5141682624816895,
      "rmse": 1.5856128980560449,
      "r2": -0.675609827041626,
      "training_time": 0.8284740447998047,
      "predictions": "[4.7964797 4.7964797 4.7964797 4.796479  4.796479  4.796479  4.796479\n 4.796479  4.796479  4.796479  4.796479  4.7964797 4.796479  4.796479\n 4.7964797 4.7964797 4.796479  4.796479  4.796479  4.796479  4.796479\n 4.796479  4.7964797 4.796479  4.796479  4.7964797 4.796479  4.796479\n 4.796479  4.796479 ]",
      "targets": "[6.9653716 4.69897   4.39794   4.        7.5228786 7.337242  4.7212462\n 5.498941  5.468521  6.0604806 4.69897   5.53254   4.6352615 5.2380724\n 5.9829664 5.876148  7.008641  6.154902  9.39794   4.990124  5.156456\n 6.05061   7.027334  4.        4.617983  5.        5.457175  7.3665314\n 7.3665314 5.8696823]"
    },
    "MultimodalGNN": {
      "mae": 3.575470447540283,
      "mse": 14.609862327575684,
      "rmse": 3.8222849615872025,
      "r2": -8.73698902130127,
      "training_time": 0.16674041748046875,
      "predictions": "[ 9.023546   9.400813   9.928315   9.878044   9.459716   8.483031\n  9.42308    9.113696   8.091734   9.752751   9.123514  10.121207\n  9.302346   9.093016   8.91914    9.670135  10.131668   9.388495\n  9.641862   9.972556   9.212015   9.511432   9.406344   9.364428\n  8.905369   9.53553    9.666925   9.7560835  8.437211   9.649582 ]",
      "targets": "[6.9653716 4.69897   4.39794   4.        7.5228786 7.337242  4.7212462\n 5.498941  5.468521  6.0604806 4.69897   5.53254   4.6352615 5.2380724\n 5.9829664 5.876148  7.008641  6.154902  9.39794   4.990124  5.156456\n 6.05061   7.027334  4.        4.617983  5.        5.457175  7.3665314\n 7.3665314 5.8696823]"
    },
    "AttentionGNN": {
      "mae": Infinity,
      "mse": Infinity,
      "rmse": Infinity,
      "r2": -Infinity,
      "training_time": 0.0,
      "predictions": "[]",
      "targets": "[]"
    },
    "ModernMPNN": {
      "mae": 1.086249589920044,
      "mse": 2.147599935531616,
      "rmse": 1.4654691861419729,
      "r2": -0.4313042163848877,
      "training_time": 0.16070556640625,
      "predictions": "[5.0013824 5.00024   5.0021853 4.996819  4.998913  5.001868  4.9995465\n 4.998581  5.0025134 4.9959044 4.9992833 4.996706  4.995886  4.998777\n 5.001696  4.9953246 4.995693  4.9997506 4.996509  4.9930716 5.000769\n 4.996077  4.998415  4.9954553 4.9997296 4.9978614 4.9969425 4.9978404\n 5.003216  4.9984593]",
      "targets": "[6.9653716 4.69897   4.39794   4.        7.5228786 7.337242  4.7212462\n 5.498941  5.468521  6.0604806 4.69897   5.53254   4.6352615 5.2380724\n 5.9829664 5.876148  7.008641  6.154902  9.39794   4.990124  5.156456\n 6.05061   7.027334  4.        4.617983  5.        5.457175  7.3665314\n 7.3665314 5.8696823]"
    }
  },
  "system_status": "Современные модели интегрированы и работают",
  "recommendations": [
    "Увеличить количество эпох для лучшего качества",
    "Настроить гиперпараметры для каждой модели",
    "Использовать больше данных для обучения",
    "При наличии GPU - переключиться на CUDA для ускорения"
  ],
  "timestamp": "2025-07-10T21:46:20.674024"
}