{
  "test_results": {
    "RandomForest": {
      "mae": 1.0773251392765948,
      "mse": 1.7193605913133996,
      "rmse": 1.3112439099242366,
      "r2": -0.027233500410965394,
      "training_time": 1.2969515323638916
    },
    "XGBoost": {
      "mae": 1.1190739833207988,
      "mse": 1.9059827850980067,
      "rmse": 1.3805733537548834,
      "r2": -0.13873109454233634,
      "training_time": 0.6463661193847656
    },
    "MLP": {
      "mae": 1.2642074782802482,
      "mse": 2.378801683596768,
      "rmse": 1.542336436578209,
      "r2": -0.42121716210674554,
      "training_time": 4.630564212799072
    },
    "CNN": {
      "mae": 1.235633778727593,
      "mse": 2.285074712661041,
      "rmse": 1.5116463583328745,
      "r2": -0.36521990072734134,
      "training_time": 8.995521783828735
    }
  },
  "cross_validation_results": {
    "random_forest": {
      "mae_mean": 1.1060065884748844,
      "mae_std": 0.02770206625612822,
      "mae_min": 1.0611238943775823,
      "mae_max": 1.1352635716682946,
      "mae_cv": 0.02504692697565905,
      "mse_mean": 1.8109247898688714,
      "mse_std": 0.06552600766929895,
      "mse_min": 1.7289747051746187,
      "mse_max": 1.9165906901756808,
      "mse_cv": 0.03618372669913236,
      "rmse_mean": 1.3454874182518701,
      "rmse_std": 0.024256899941844805,
      "rmse_min": 1.3149048274208361,
      "rmse_max": 1.3844098707303705,
      "rmse_cv": 0.018028336506751345,
      "r2_mean": -0.0267621683029029,
      "r2_std": 0.008773961200132005,
      "r2_min": -0.03783319809904406,
      "r2_max": -0.01458012900472716,
      "r2_cv": -0.32784941417397373,
      "training_time_mean": 1.0403761386871337,
      "training_time_std": 0.01724705507946843,
      "training_time_min": 1.0209002494812012,
      "training_time_max": 1.0697245597839355,
      "training_time_cv": 0.01657771111632063
    },
    "xgboost": {
      "mae_mean": 1.1361363533758193,
      "mae_std": 0.023843228673178438,
      "mae_min": 1.0944174561731879,
      "mae_max": 1.1624057834846737,
      "mae_cv": 0.020986238669621553,
      "mse_mean": 1.9351794904438582,
      "mse_std": 0.05197147697256081,
      "mse_min": 1.8814047947710695,
      "mse_max": 2.0195504237712556,
      "mse_cv": 0.026856153255655105,
      "rmse_mean": 1.390982600542971,
      "rmse_std": 0.01862512900819746,
      "rmse_min": 1.371643100362142,
      "rmse_max": 1.421108871188712,
      "rmse_cv": 0.013389907969321204,
      "r2_mean": -0.09779692505547137,
      "r2_std": 0.02585994565395438,
      "r2_min": -0.13039419696240673,
      "r2_max": -0.06070169172850437,
      "r2_cv": -0.2644249360528091,
      "training_time_mean": 0.5276705741882324,
      "training_time_std": 0.008019353488879376,
      "training_time_min": 0.5161280632019043,
      "training_time_max": 0.5383791923522949,
      "training_time_cv": 0.015197651491588929
    },
    "mlp": {
      "mae_mean": 1.2465996521236475,
      "mae_std": 0.03110885493516272,
      "mae_min": 1.1994246292866453,
      "mae_max": 1.285353659842059,
      "mae_cv": 0.024954968407192447,
      "mse_mean": 2.4034050832179807,
      "mse_std": 0.10471024569466263,
      "mse_min": 2.2961594229615674,
      "mse_max": 2.5819352680370717,
      "mse_cv": 0.04356745620029371,
      "rmse_mean": 1.5499293264972298,
      "rmse_std": 0.03352858603973721,
      "rmse_min": 1.5153083590350735,
      "rmse_max": 1.6068401501198157,
      "rmse_cv": 0.02163233217575817,
      "r2_mean": -0.36261160117717217,
      "r2_std": 0.031185620211414557,
      "r2_min": -0.3961218120421732,
      "r2_max": -0.3129176361579489,
      "r2_cv": -0.08600281984959783,
      "training_time_mean": 3.6811700820922852,
      "training_time_std": 0.02571936859937303,
      "training_time_min": 3.641745090484619,
      "training_time_max": 3.7150094509124756,
      "training_time_cv": 0.006986737375838603
    }
  },
  "feature_importance": {
    "top_features": [
      "padel_VR1_DzZ",
      "rdkit_MinAbsEStateIndex",
      "padel_GATS7m",
      "padel_ATSC8e",
      "padel_AATS7i",
      "mordred_ATSC8d",
      "mordred_BCUTZ-1l",
      "mordred_ATSC8c",
      "padel_GATS8m",
      "padel_GATS7c"
    ],
    "importance_values": [
      0.00951822872954947,
      0.008095017179885472,
      0.007514484359471276,
      0.00747012076325123,
      0.00726561413926182,
      0.0070520385558937035,
      0.006903003132839061,
      0.006530888738671807,
      0.006444591076827257,
      0.006421399798217591
    ]
  },
  "descriptor_analysis": {
    "morgan": 398,
    "rdkit": 46,
    "fingerprint": 1,
    "mordred": 91,
    "other": 138
  },
  "summary": {
    "best_model_by_r2": {
      "name": "RandomForest",
      "r2": -0.027233500410965394
    },
    "fastest_model": {
      "name": "XGBoost",
      "time": 0.6463661193847656
    },
    "total_features": 674,
    "training_date": "2025-07-11T00:25:26.847193"
  }
}